<application>
  <component name="ProjectManager">
    <defaultProject>
      <component name="PropertiesComponent"><![CDATA[{
  "keyToString": {
    "settings.editor.selected.configurable": "preferences.pluginManager"
  }
}]]></component>
      <component name="WindowStateProjectService">
        <state x="184" y="0" key="SettingsEditor" timestamp="1725710374839">
          <screen x="0" y="0" width="1366" height="720" />
        </state>
        <state x="184" y="0" key="SettingsEditor/0.0.1366.720" timestamp="1725710374839" />
      </component>
    </defaultProject>
  </component>
</application>