<application>
  <component name="StudioBotSettings">
    <option name="acceptedTermsVersion" value="3" />
    <option name="contextSharingModeV2" value="AlwaysShare" />
    <option name="onboardedVersion" value="3" />
    <option name="queryHistory">
      <list>
        <historyEntry timestamp="1726959233956">traduza a ultima resposta</historyEntry>
        <historyEntry timestamp="1726959212678">Explain build error: Plugin with id 'com.android.application' was already requested at line 1</historyEntry>
        <historyEntry timestamp="1726959161070">me responda em portugues</historyEntry>
        <historyEntry timestamp="1726959138140">Explain build error: Plugin with id 'com.android.application' was already requested at line 1</historyEntry>
        <historyEntry timestamp="1726957218952">como posso mudar o nome do pacote do meu projeto ex: quero mudar de com.example.app_delivery para com.gildair.app_delivery</historyEntry>
        <historyEntry timestamp="1726945252547">tem como fazer direto no xml do form cadastro nã?</historyEntry>
        <historyEntry timestamp="1726945154963">quero que o button desse layout tenha o backgroud transparent com a borda gray</historyEntry>
        <historyEntry timestamp="1726925228119">QUERO COLOCAR A ACTIONBAR no meu app na cor red</historyEntry>
        <historyEntry timestamp="1726690505203">qual eo o codigo para eu trocar a cor da action bar para preto, atualmente ela ta branca com a escrita do nome do app branco tbm</historyEntry>
        <historyEntry timestamp="1726574465203">tem como vc mudar os sets onclick listener para usar função labda quando for clikado?</historyEntry>
        <historyEntry timestamp="1726250860547">What does the error message &quot;',' or ')' expected&quot; mean?</historyEntry>
        <historyEntry timestamp="1726250464164">What does the error message &quot;',' or ')' expected&quot; mean?</historyEntry>
      </list>
    </option>
  </component>
</application>